web,paper,0.6584251002104734,0.9923745289717033,0.693183000666789,0.8940465795720884,0.9768867414467868,0.8761977504531715,0.9365700332423099,0.9759234508825708,0.9456391721959275,0.9304883757440318,0.964842045669439,0.9397495049577802,0.9242890379315433,0.9649522462519226,0.7975159812042855
web,paper,0.6923011742372491,0.9784659974071778,0.5791753814765137,0.7628823417247881,0.9753767161675312,0.9795470150308959,0.8030502325226074,0.95785169766273,0.8058330477184404,0.9296159410584738,0.931583303748791,0.9838305305180861,0.8322461138536702,0.9674795592861242,0.8006530197704146
web,paper,0.8035335699063328,0.964027813848034,0.5835316639262363,0.8238213300108587,0.9576813175712499,0.9061484498711406,0.8874186635724141,0.9535780089962062,0.9775030366261346,0.9920689321916492,0.9368023680804991,0.8998794291509982,0.7754854488585753,0.9667028439445388,0.8098882628638744
web,paper,0.7635410598351117,0.9717438947159344,0.6482082846889563,0.8328744955355429,0.9593613645088082,0.9692640305641758,0.884143779338461,0.9491948376284057,0.9218729695292127,0.9523503569627273,0.9247042380404442,0.8665928240273446,0.6205105632570579,0.9528530311290924,0.8091503865425577
web,paper,0.758417192374557,0.9831784063429434,0.6694661238439946,0.8351491477450966,0.96430578528157,0.9404619593129313,0.863028327806619,0.9510196927942961,0.9537454621752322,0.915476297112152,0.9324240939928656,0.8957684074021903,0.7136021953148523,0.9695121270880419,0.7777931343551286
web,paper,0.7963594099461057,0.9627336788698037,0.6510838927979647,0.7972154328963206,0.9471914188854837,0.9427786082371192,0.8713668727614168,0.9482900263093655,0.8984501144954811,0.9288804570697677,0.9388296766836773,0.9308766367132184,0.7047584815663454,0.9477444659501609,0.8868760588940019
web,paper,0.7451710511757391,0.9781097782190699,0.7023416877670845,0.7666326978977306,0.9409433640215648,0.8144956319130182,0.8531082559418647,0.9445131897282558,0.8048492629914007,0.9344157553851203,0.9491091464836562,0.9248630390747824,0.8261550465367873,0.9668658519317762,0.9361092772855721
web,paper,0.7680477540938732,0.9833209266432578,0.7373377622358924,0.7878918868260638,0.9423969292174108,0.8558944368223572,0.9214219907012725,0.9616905024675183,0.8737117684012332,0.9219166367044922,0.9679076037026929,0.9370419395230758,0.7813153560692677,0.9420227781547622,0.8356312629397147
web,paper,0.7873725146995513,0.9754261278446902,0.5719798735214509,0.786341983778419,0.9526433958182866,0.8984770279296451,0.8119480830467978,0.9623097028866715,0.7210388454691489,0.9033910919513859,0.9716073212037788,0.7892759667449959,0.7639707261284937,0.9619634690021656,0.866010766439692
web,paper,0.7618861613687655,0.9699999267637682,0.5458099677178558,0.8081340234192669,0.9552066886892691,0.9286417222181663,0.9244930760799156,0.949731003734531,0.8106049777127686,0.9283404754706706,0.9384004484918608,0.9360507866039283,0.7959645511174614,0.950961446123146,0.9523742356504703
web,paper,0.7723589801026651,0.980154672965516,0.6088438498348683,0.8473379242689427,0.94666864092513,0.9753082097381482,0.9192197075391326,0.950063997108393,0.8365912977374688,0.9516053197189599,0.9401471192380336,0.9395676443018939,0.7370458484253959,0.9706504273609473,0.9497005376135932
web,paper,0.8235146143151032,0.9744550618998543,0.6589889071012502,0.7782548761573457,0.9269938304946133,0.905388848889222,0.867863528504612,0.9317764732256392,0.9209474340114386,0.9031121900492979,0.9456897503051912,0.9282063314249307,0.8180522237937282,0.9632966897405345,0.8733213407991761
web,paper,0.7946943432819755,0.9808796004079581,0.7477385036522242,0.823098463790715,0.9355498320568201,0.8722898858859367,0.9349780287883172,0.9425343708303471,0.8293606227861169,0.936381666366255,0.947132378708194,0.9443921497031598,0.7558550816215108,0.9425654446795168,0.8435134396685999
web,paper,0.7793053902639625,0.9816189915456436,0.7662753361925667,0.8115027700908665,0.9407073144425697,0.8599219918736601,0.9252030837389839,0.9532556488245275,0.8667017701996601,0.9253310004523495,0.9667971106671864,0.9589381842946436,0.820694630037427,0.9490816456887359,0.8828943696122137
web,paper,0.7040405775988929,0.9872885790515422,0.7991061037961781,0.7982585488663284,0.945566623579549,0.9103475921994132,0.9151591855160609,0.957989669673731,0.9067306416050961,0.9192663236293451,0.9662103626272692,0.8784383406715125,0.7988577072824793,0.9379757391597968,0.866399713102038
web,paper,0.7289567783915021,0.9789128686587637,0.76945889616256,0.7887339150460378,0.9446400964982916,0.8658205973730868,0.89817635343533,0.9533629739135697,0.895038996697536,0.9176942871272228,0.9709044783295514,0.93896558307027,0.8479956197513678,0.9609720326023512,0.8872724297819244
web,paper,0.7048161180339724,0.9786468091340368,0.8083287898936956,0.8040164188938991,0.9465457154692272,0.8763056809136033,0.8927438958755802,0.9540203316569488,0.8822061275515642,0.9087209242045341,0.9625774599057967,0.9467984770630319,0.812623761729003,0.9596596479174332,0.884004197920233
web,paper,0.7301732356825653,0.97847458140998,0.821578237484263,0.7973766452169699,0.9471129231988968,0.9054088452760524,0.9013562047411106,0.9542353209669003,0.8964772726942437,0.9181405461845733,0.9661236821237574,0.9389776593509777,0.8283027800111026,0.9598708926501721,0.9062312237499224
web,paper,0.7450195395901736,0.9767246055356235,0.801780209425595,0.7870324131020027,0.9476593535183764,0.8902528743511373,0.8872679330759313,0.9572600727453674,0.9123637589185961,0.9137673823683837,0.9732173720555091,0.9284516232560469,0.8226328321347863,0.9630010692718606,0.8901265247540022
web,paper,0.7383346577981459,0.9729429376619455,0.7801177744303912,0.7747832997871563,0.9504001245402279,0.8771218949848401,0.879262871093402,0.957755131819693,0.8944632259059687,0.9296904674853624,0.970984033630169,0.9329236290962402,0.8264119651984427,0.9705853117330219,0.9119110166406978
web,paper,0.7243762429106645,0.9724477987627062,0.7853680086856992,0.7788046910409099,0.9471957158904514,0.8563787506192471,0.8857262313234088,0.9543467925445265,0.8916444832098072,0.9113815582658015,0.9711889992082476,0.9395296005756305,0.8394796510694427,0.9689286858810702,0.8964270426077248
web,paper,0.7074257535121918,0.973180135534388,0.8193042629092315,0.7774704616623223,0.9451298495402143,0.8573418749484993,0.8735379333629418,0.9539817400650065,0.8824037040558653,0.9020052143388574,0.9732684287028018,0.9353503533111985,0.8389153994362588,0.9678406608592461,0.8759067564726291
web,paper,0.6702021876840627,0.9687971886225341,0.7962615993631263,0.7765157530433354,0.9483857909933305,0.8705416804071211,0.8707743381443915,0.9587158562222893,0.9245428341061876,0.8968902403892404,0.9756359762478084,0.8959788265883959,0.8509494443750409,0.9676957803277916,0.8666868254052216
web,paper,0.6635015102532176,0.9492321451144945,0.8653481049346864,0.7737887265630811,0.947509461104776,0.8280109372831793,0.8684583074008736,0.9554071306118798,0.8597749457187268,0.9120408242052467,0.9740375680934669,0.9247014369362878,0.9341843193607731,0.9663466070542172,0.8307019801509674
web,paper,0.5322938104810907,0.9143152886908331,0.8849678162250271,0.6622200454556991,0.9410302193468731,0.7864729495871006,0.7937108612814865,0.9458798289870511,0.9160026422968077,0.8813683328264044,0.956062529004342,0.8191156345103112,0.8145819676146913,0.8964105701732522,0.38947445732178676
web,rock,0.6854704655485973,0.8021168828591183,0,0.4284340579965204,0.18254122595516653,0.17760457817430103,0.3640113178501752,0.1517411762489435,0.05001967691154354,0.33839791422853677,0.10401021916459403,0,0.3138706118331471,0.14436374155936318,0
web,rock,0.573859191390134,0.799565866966476,0,0.25442713014146007,0.17922203184880656,0.29967351940296655,0.11583519620490117,0.18108128726476286,0.2225314893177942,0.06418279457112333,0.14817792680260047,0.02069720181589368,0.19709832355829165,0.1145152068611884,0.2560989583240661
web,rock,0.5528767545247758,0.7604498907337722,0,0.23967809816708813,0.1276969404588088,0.5215405956449465,0.13300023918189116,0.1636303353282777,0.2041463743471756,0.0572001226740619,0.1481882826171356,0.08993355754627583,0.19538565775516784,0.08689262127106862,0.3060901263687301
web,rock,0.510216928498237,0.7596186452594734,0,0.2743757839929103,0.1330352299658947,0.4674455158914143,0.14195973138960918,0.1644034266316426,0.19630799401606686,0.08650085016848563,0.13975605960143944,0.12540688393665966,0.22040906232714144,0.09276180832490362,0.3230213493549554
web,rock,0.4928569562270045,0.7502205494764813,0,0.277279082191281,0.15852776514418965,0.46285371683382975,0.15811365196382032,0.15870707682633403,0.19329500950094955,0.10293427309852533,0.1268272864094647,0.09755309878902116,0.19976385930012616,0.11432805310584752,0.3028325589592069
web,rock,0.5190777112683435,0.760715514109599,0,0.3704100699125422,0.15417119136705545,0.3745698202544457,0.2716801989249767,0.1569706792956152,0.24450375510331113,0.213909996511708,0.11834421303454755,0.11389777035770371,0.2088025561018952,0.14177222300330036,0.19126392861620828
web,rock,0.523503831352855,0.7650901488658461,0,0.41675882917417634,0.20133364683276492,0.36739519088166084,0.26848759807684897,0.1906413143754046,0.30134985388505636,0.24360561235341865,0.12408391797242578,0.24129738290557962,0.2035923223114625,0.15721799876072165,0.3004057107167697
web,rock,0.5805175270154812,0.7292238646726307,0,0.35000659633400916,0.14486776907792767,0.4334589348101965,0.22474893685385167,0.15021298311556033,0.2968235146190845,0.1319458660602073,0.12645173844961533,0.17135346467107826,0.24218860157007563,0.09032822599760124,0.3491245674144924
web,rock,0.6535801028614443,0.7775969364967281,0,0.4575100000523682,0.18152833730036882,0.28624288311160784,0.3108360154303957,0.18650651407376187,0.30584434705958813,0.24471308080285223,0.13958238860301045,0.2848716911743509,0.15626984959429907,0.17867456377526925,0.1750417771756076
web,rock,0.6618108502623395,0.7774792629530881,0,0.4427726804551226,0.15576949189097158,0.33853876191196636,0.3639458221196497,0.15216220009367548,0.3632356375661465,0.3363259934766658,0.10229178380847813,0.3691071451287589,0.26089299745876754,0.15506256768455798,0.27459800868865925
web,rock,0.709299941666636,0.8188616137080371,0,0.4881131724015041,0.16496280395775165,0.18213450368762596,0.3274028592724471,0.17296314439884003,0.15025048573027946,0.2878715136098854,0.12612164574193058,0.21562331380337446,0.29163672373089655,0.16400264807554152,0.197516744701202
web,rock,0.6936097518375316,0.8055869963398307,0,0.4820541055637547,0.20326189467403522,0,0.30753479899660485,0.1918707438201483,0,0.22438918548941994,0.15565233349034957,0,0.22856860821634797,0.18197927924759932,0.010168494840660463
web,rock,0.6400294259645725,0.8127879258070708,0,0.4809204809695751,0.2172302820739118,0,0.2506366471618989,0.22345890128966625,0,0.1396400056046927,0.19058956602178445,0,0.1997776088836002,0.2017169297575677,0
web,rock,0.6261980332941857,0.8082867458522838,0,0.48307741531456583,0.21065677693863152,0.04163776486950936,0.2679217415753106,0.21642638633769748,0.025208338117510925,0.18075105100247266,0.17407375963457825,0.08328284855785616,0.21887804321878623,0.19177961260154763,0.07470392174216757
web,rock,0.6581740432875425,0.7991378694699761,0,0.49105718694491146,0.17739960097913943,0.28663880150423987,0.3499365428812852,0.1827101320202605,0.29850199006188427,0.2860349672184868,0.13380907355412408,0.3034662113200456,0.2514026103793093,0.16433310633662784,0.2826443673930108
web,rock,0.6470209661490126,0.7924299796460551,0,0.4507846917172431,0.20048751594370529,0.09367419485550287,0.2814675631517426,0.19212101501412407,0.057361090346066824,0.14689312894696102,0.17276811205286804,0.033130475058555035,0.1736971193869595,0.16477091698810725,0.08506333956332479
web,rock,0.6441514111894336,0.7874297501378292,0,0.43110915653440746,0.18409914498466617,0.1743686644185305,0.30926866125424757,0.17900316564028024,0.14936485769608684,0.2526082280628693,0.13849599514384886,0.18867991025976014,0.29702249730145713,0.15032855683211854,0.19761998666627884
web,rock,0.625625399117763,0.7810925773337198,0,0.46270626531674003,0.18196423097334655,0.20678188196346223,0.30743917577183466,0.18306777100887342,0.2092359291592451,0.22819548975260584,0.1437084777273699,0.23547892248116745,0.2849881819638592,0.1375515744715464,0.25696644024848503
web,rock,0.6104022307699349,0.7818451643623584,0,0.5006822877495901,0.19997736519974108,0.17725792566707976,0.3289784513732141,0.19846119350997432,0.1563469527965685,0.2217201880601441,0.16376173485649628,0.1583132341045438,0.25607574341159073,0.1586717260642833,0.1573849285558086
web,rock,0.663973061823899,0.815713780649036,0,0.5154759787873393,0.1923498240149656,0.08588407270700169,0.3251436999907077,0.19886483806552016,0.03530448602593266,0.2293166007926807,0.1613472084146961,0.09528618070519108,0.24907587793888952,0.18410602223229766,0.06777763512735448
web,rock,0.663432824158862,0.7737873114615978,0,0.4594128715671261,0.16501154916386984,0.16032182471076598,0.2995574574737336,0.1776973220009483,0.04912865459953177,0.17578415667265293,0.15528082579906427,0.07106410162534295,0.22317477741718958,0.14897131167286332,0.09516056308617832
web,rock,0.6073703004880621,0.7600640421241645,0,0.46584675765356076,0.17067246053160254,0.16249353738502756,0.31215757135798844,0.1751341570635648,0.146473035448765,0.22665732835772814,0.1351537496160239,0.17369724391495497,0.24968005835264995,0.1459224013933894,0.17619413908148537
web,rock,0.6169587482350928,0.7759629987527501,0,0.4110890215922798,0.181892062306039,0.09667947668206253,0.2631160998976808,0.17833215394031535,0.030119183098804538,0.1757183338783559,0.14819778213411386,0.11450209533414009,0.286133179368857,0.12821228663785283,0.16818713562537851
web,rock,0.6176880180483144,0.7687611566083006,0,0.4805106696496928,0.19411758076655855,0.09370875934271468,0.30453258522143684,0.1893150342736406,0.0771017599453487,0.2066481790872974,0.155086193988577,0.1146943709945008,0.26428521794112636,0.1472365268369001,0.16165613668481293
web,rock,0.591244806272882,0.7702613287306566,0,0.5004002308148886,0.1639324004153271,0.15275614799849543,0.28974238344446956,0.18125438302354957,0.035203329715743886,0.15619254327737328,0.16257680697626425,0.051660916983951935,0.18677020635271332,0.16415631585983,0.06429307576689498
web,rock,0.5908985293337822,0.8231970014434598,0,0.40810147270044755,0.20885477172783107,0.17990116550548238,0.2094712494401059,0.20932560139775952,0.033492217825816836,0.10122565358578124,0.17162098978573986,0.01906050992409044,0.1457137675426706,0.17296622648361562,0.030280815590241816
web,rock,0.5546792527023461,0.7753920981149909,0,0.42160497743927766,0.2058842335469868,0.11660808483739196,0.2538114379768273,0.193319150030791,0,0.176868910275419,0.15280949548619976,0,0.17907542350502562,0.16656400034647162,0
web,rock,0.6073226905972297,0.8148917053045587,0,0.3954940657815528,0.2184671029414387,0.1945629778291615,0.22594574850842825,0.20700186955811956,0.14305489327136836,0.16950283345844863,0.15156758902999762,0.1652944913456365,0.17434210912193626,0.16153293579585284,0.13184221693593576
web,rock,0.5850664138601074,0.8003634672795399,0,0.4403978245806152,0.20564729688154937,0.2021909426415326,0.2720152106998657,0.1937798788028847,0.043873194170075194,0.1790890872346544,0.15622333283203998,0.03254527620249082,0.1545247145909766,0.176797425888087,0.02144805270791574
web,rock,0.6697680074220367,0.7861458681589263,0,0.3479647204244002,0.22006471632090943,0.12086406392447693,0.20779089931908945,0.20520424133701032,0,0.15223124797811768,0.15714453997805516,0.005644232395481904,0.1680379442519314,0.1645593543194024,0
web,rock,0.6664471977693722,0.7922479342452102,0.04821543504299732,0.34755292015550127,0.22416838295864988,0.1282344955413301,0.2192169230119106,0.21169290896260057,0.05433117546154554,0.17278129710541562,0.15794715202332754,0.11874077054674075,0.16127008793339984,0.17009234823507371,0
web,rock,0.5977329860785701,0.7605672918483994,0,0.3491287556086666,0.2168953520125091,0.05951761105390407,0.21711290615322754,0.19721112133738522,0.017880351219302853,0.14036862012435625,0.16238565978347555,0.08096157469241888,0.1473218671632497,0.18036665334348745,0.04334630392146979
web,scissor,0.24819384762587607,0.7385771741617294,0.23726712148215515,0.7484082856982123,0.9827356604417956,0.7982646128987124,0.6014391749333309,0.9800994403527812,0.6527496363079461,0.1051511316551545,0.20070571164167306,0.11061458117250653,0.11465044746278638,0.2000953282621622,0.19996153239568226
web,scissor,0.19321018455581376,0.7548591591479712,0.36709829300750363,0.7277453788853128,0.9904830224109789,0.8359816821992958,0.6026282249257703,0.9856330493611104,0.7223097737448304,0.3292953105057909,0.11531082562175908,0.26546247424714914,0.40676589208475966,0.10032982914893253,0.443515877372674
web,scissor,0.1284139253648951,0.741530978021958,0.20543441833118137,0.6593691990192817,0.9840641425160207,0.7811586128096859,0.6636197292220236,0.9681993226715166,0.7422391991405876,0.18844382083925856,0.17554525175064228,0.2709731743834988,0.14140425083807462,0.22273091137533124,0.3390365662282373
web,scissor,0.15372981841767216,0.7440598989215121,0.03432276984178802,0.6873072055980635,0.9773808334675711,0.8265476419246136,0.6725976077950946,0.9692274593361023,0.7308815924776495,0.2018229547287467,0.174250458602552,0.2392401915242457,0.16451687326863554,0.21355513091687933,0.3412385109290705
web,scissor,0,0.7667353070528562,0.7180633701247758,0.710026408354325,0.9557179436227453,0.8550036861094832,0.6374570766628541,0.9153850261114473,0.4680951206210804,0.12870777109463005,0.3254560107534669,0.21003803615605895,0.22220400462300538,0.3211528078418212,0.33727944593448184
web,scissor,0.04401860147680282,0.7559271621042898,0.5091131585366534,0.5830969145309386,0.9706828531128023,0.8134089352840418,0.7376615462412114,0.8920543061360517,0.5681774243077915,0.18238589159260227,0.22143544234214216,0.2320452059269929,0.28587130185076604,0.22062497100695877,0.29325474563816534
web,scissor,0.1446858784353028,0.7967425610197925,0.09332355472565584,0.7856946445492325,0.9826654188427426,0.5951101452251024,0.775010134289371,0.9743223463307188,0.7197719726380809,0.4050584655113205,0.18421665401607906,0.27025086344190213,0.22870032592679004,0.24840924779848128,0.29820990637960476
web,scissor,0.08040828135927953,0.7288706257878996,0.291545725539779,0.8777222144788904,0.9651493407691056,0.6366295327377401,0.8677858841395365,0.9527114766564757,0.6348083092295735,0.11284606322399968,0.3496739419253682,0.19697077230742538,0.15535026841310096,0.31922847014367917,0.42339673373116676
web,scissor,0.09352698670466927,0.7376953789924315,0.4217666466999593,0.8665611727554816,0.9609116862157623,0.6605876703881598,0.8466809879533285,0.9581583191136793,0.6506026206534452,0.11786352873991843,0.3154576735162856,0.22681658458540066,0.18062754673152895,0.28949136436834483,0.4124875015273215
web,scissor,0.30650454026469504,0.7794741484247348,0.04737913096328731,0.6462037172530064,0.9705978288303115,0.7188534090210057,0.9457650211257134,0.8847337580548361,0.30995145412127295,0.28853043508348397,0.28617773848643285,0.448716683093469,0.16279598494477204,0.35979433297511215,0.3963395148858296
web,paper,0.6387690692654393,0.9646782603205745,0.8653322314219958,0.8124797627067826,0.9463061776488966,0.9193746046617857,0.9347352901328291,0.9491147141203106,0.8907178087556687,0.8476637464573308,0.9345560474513044,0.9426125643420433,0.8883085063724563,0.9362000345762317,0.8531924910539547
web,paper,0.7796132991422547,0.9814437050875274,0.7986933882928572,0.8309024517830863,0.9489965398133597,0.9717349879610243,0.91695267840944,0.9328196340626549,0.8487664442189127,0.79036991079793,0.9115448013941474,0.792363398022697,0.9398922518196213,0.9149901888944113,0.6722754020006075
web,paper,0.7684424422192903,0.9867393556184747,0.7838342042491064,0.830227877410257,0.9601766986468506,0.9433601009798063,0.9584554308207365,0.9590983983741741,0.9213161520828632,0.8431285679171334,0.9324110284727565,0.8927314716970746,0.9021860970527804,0.9238065949000425,0.7971256429415177
web,paper,0.7578927856984544,0.9859259273794095,0.69683123762339,0.8369350345575782,0.9632748119042357,0.9088117523501087,0.9677321294652304,0.9568589050519158,0.9400935046531192,0.8486986418956274,0.9319423566234734,0.8099482608319474,0.9578823175895801,0.9383510488367672,0.7673289862838079
web,paper,0.7020733704156116,0.9831661192408481,0.6147316321068071,0.8660824917755636,0.9678417653379849,0.8785829594861496,0.9809690266443684,0.9519619072923401,0.8420404919687352,0.8760019534823535,0.9253482857641683,0.8138843122155417,0.9127300516043548,0.9361960225437482,0.8124203126194923
web,paper,0.6955035958212312,0.9865334685773971,0.711150310759226,0.8566074104388797,0.9656227458284615,0.8917601540604915,0.9755990588098126,0.9579779135038041,0.8991581490274998,0.8898986076172457,0.9304209637251735,0.8743566452439506,0.8906879163708326,0.9475829267309199,0.8137628103197649
web,paper,0.6677122639683023,0.9862713949133511,0.7043887016838843,0.8478729244711527,0.9579745179979388,0.9030317453788885,0.9833452057297056,0.9506363262428994,0.8942399796111745,0.8984854794536965,0.9263370890539045,0.8715438113868554,0.9311190187592491,0.9567450281737199,0.8444821629740483
web,paper,0.7056653073364604,0.9895549939879089,0.7569571870588193,0.8711091345202052,0.9626953939061045,0.9044986584738328,0.969238015576307,0.955131369079989,0.873226186198261,0.9284482681419726,0.9210848999128822,0.8424924806389071,0.813829003184541,0.9354487043115122,0.7826550580048314
web,paper,0.7230478756661919,0.9851865789475974,0.7325772321910571,0.8485529271051723,0.9626780466470062,0.8861788979046145,0.9734852358586101,0.9566512384833159,0.9049675182425029,0.9207009433599269,0.9358228500277789,0.8781785676013383,0.8345285763730548,0.9399944442544256,0.7751132247585962
web,paper,0.7408989340743142,0.9867570090987315,0.7355690482779909,0.8617628428843818,0.9609808704529544,0.9057585813375606,0.9786493380068807,0.9541933392882357,0.8855046601190731,0.8970441777889285,0.9268845016481716,0.8413201994147179,0.865878018236562,0.9327338433480055,0.7598789973947668
web,paper,0.6819638572746197,0.992339547106358,0.6782039830942084,0.8709716526483412,0.958192289735211,0.9365610681465032,0.9891262435828322,0.9522204519566679,0.9153567053266924,0.904161244045282,0.9306494754380454,0.8918194470974824,0.9232160930176105,0.9419244497452939,0.7935471060980043
web,paper,0.6949839538747045,0.9895643621622046,0.6555761518850022,0.8694392963130034,0.9591745490102604,0.9432509643820625,0.986457055254625,0.9548884914617939,0.9217426652553212,0.9008828375908811,0.9341304282108935,0.8883118705735478,0.8973748626558457,0.9416705727885569,0.747380550244966
web,paper,0.7019346017286457,0.9766430309256106,0.580489718607363,0.9062181133493632,0.9661936784543664,0.9426534186767308,0.9705215311371111,0.9582744063627259,0.9423856670021351,0.9061837459086365,0.9354919534691668,0.8883185552920071,0.9151080839371123,0.9187346011912434,0.710431844907474
web,paper,0.7239816078288002,0.988052876106404,0.6187171116747954,0.8896519085961698,0.9628869944308761,0.9584162462622978,0.9827695632522025,0.9583979465414227,0.9102157003780158,0.8907517099251275,0.9357271944391466,0.8613562367245937,0.917355466757752,0.9345286943171053,0.7135520423887368
web,paper,0.6694263194196594,0.9664954531634513,0.5405440919686146,0.8967877172529096,0.9662418347156648,0.9590073651994951,0.9630655579569491,0.9632513563720119,0.9301775743801821,0.893841574444537,0.9360151171650416,0.9062854726625109,0.922572719503415,0.9276855500424726,0.7400069257434924
web,paper,0.710641346283629,0.9893175314986907,0.5802499431348993,0.8754747766076529,0.9626235067147279,0.9560113023367861,0.9803679529279739,0.9592275723025537,0.9270035600204053,0.9098894316135743,0.9331630747948381,0.8657032450493906,0.8816799564764093,0.931336233683796,0.704348217126145
web,paper,0.7094166255155011,0.9886270681512218,0.6139182148054322,0.8851492142618901,0.9649274317421501,0.9679436698829511,0.9633987159611865,0.961934467485927,0.9363815076970914,0.8945878048597375,0.9336800538421733,0.8871276198016003,0.9081377713536657,0.9218829667266752,0.711327081013891
web,paper,0.6781576296461314,0.9859346105872963,0.5966115567621509,0.871222759842735,0.9615072454504229,0.9337375919190958,0.9721368737942193,0.9553859899772533,0.929201044739161,0.8768209343699414,0.9332209814053987,0.8714954330331166,0.9228166585526936,0.935866432979779,0.6859758139829543
web,paper,0.6949333618446943,0.9768309050030644,0.608458844596944,0.9109559864432702,0.9690876057767576,0.9501626762456227,0.9329488506902098,0.9681376113636597,0.9407404262075394,0.8540829776052217,0.9517649947057226,0.9538583568411841,0.9725439823806896,0.9332947952045998,0.7237189033687811
web,paper,0.6750806043795394,0.9511844035145998,0.4986932029213047,0.9310225091072001,0.9680089635883284,0.9667264966553454,0.9095389558934296,0.9588305013170964,0.9553280160648424,0.840272558591045,0.9449525795471331,0.906552889882331,0.9662089359690698,0.933520387112485,0.7232151782345277
web,paper,0.6824324573511227,0.9691627635713413,0.532612273192004,0.9254601645430269,0.9697703125777334,0.9447441310876501,0.9230913534780221,0.9657996945269821,0.9505832892629512,0.8853269861269276,0.9427164150230464,0.9107628957626055,0.926209983583817,0.9237866217245169,0.6707916132640759
web,paper,0.6862312458384605,0.9604634912266603,0.5530086175236876,0.9139116444518373,0.9645488958837074,0.9318738151456628,0.9467212692594854,0.957592339907836,0.9739314276851729,0.8868921661160166,0.9441004447921499,0.9229945516364051,0.9491550668873042,0.932641533713044,0.7256933574250081
web,paper,0.6918493552333708,0.968589113197371,0.5442925048413038,0.9040969790009791,0.9691958746662004,0.9531843185957888,0.9180010522572537,0.961836854000915,0.9420881233875161,0.8493971891148554,0.9453110945628836,0.924861862337978,0.9913925354601264,0.9433425189932785,0.7041428868022078
web,paper,0.6696599490089009,0.972202031617203,0.5803987185504251,0.9146620747312453,0.9631152226117158,0.9660933339240737,0.9028992982080455,0.9598010169449118,0.8767233102015285,0.8423151491855398,0.928662946112014,0.8685682463034138,0.9216543619672432,0.9346551489786304,0.6599352537618065
web,paper,0.6881173262125669,0.9868277341169631,0.6456472326763407,0.9105182557187873,0.9616171381082267,0.9404661172938895,0.9581951284922905,0.9561145402227902,0.9193611962940598,0.8932256823853876,0.9261605591532271,0.8611555494924116,0.8967516466089999,0.9414036634537755,0.6798676024371346
web,paper,0.6803807698727379,0.9753236471151557,0.6032106923469152,0.9179581782557205,0.9658864079394385,0.9541543485613107,0.9383859362556124,0.9613261301574172,0.9180786648226817,0.8873067071261378,0.9316618854684955,0.8804076257277706,0.8912575799059629,0.9355257552260983,0.7062411465054204
web,paper,0.6596752329846263,0.9551538273406249,0.577300506148864,0.9599156297183667,0.9699369388408038,0.9345309435946754,0.8788641791115926,0.964797079743612,0.8539588291294398,0.8378399683356154,0.9366804883337239,0.8926627474778109,0.9401191073228219,0.9515198947260094,0.7106824597153641
web,paper,0.667134442510641,0.9745559645353106,0.5694950900894663,0.9166927687013069,0.9636499814872357,0.9638334684262185,0.9198630182098846,0.9576375008096438,0.9228155585528854,0.8629583825825645,0.9298094832326714,0.8683418161835911,0.9211815974330707,0.9397528024508627,0.7043787895903851
web,paper,0.6863115301026491,0.9708052006095295,0.5768184645012906,0.9128270675756449,0.9624714948320022,0.9742123595555006,0.9297139416313587,0.9602268351372268,0.9351813374813459,0.8941966499641631,0.9270672236936862,0.8742347849498311,0.8966435568252187,0.9347265348539939,0.679744654883453
web,paper,0.6621736414374529,0.9423626870862619,0.5446884569014245,0.9480936352973612,0.9707553865369188,0.97093804047869,0.9017149344632348,0.9635780770488817,0.9281126751265575,0.8476439409078929,0.9433130202318065,0.9168427379029408,0.9438673425440324,0.9321100268290538,0.67500612953365
web,paper,0.6736104324960253,0.9615764299474635,0.5594265977570841,0.9502539405888392,0.9678590059150484,0.9719840205184408,0.9135591031853513,0.965089508969593,0.9372322793681737,0.8598630713907534,0.9458068891537409,0.8895674849430422,0.9191844716007299,0.9325623886232212,0.6452740879759831
web,paper,0.6671054822553332,0.9465169262888998,0.5372710237674051,0.9414858266815063,0.9742308583963734,0.9909245091772055,0.904601246545305,0.970238306446678,0.951474787381337,0.8563526103427289,0.9527282192797003,0.9272819124677262,0.9750839239453929,0.9355249951221988,0.6880011045151804
web,paper,0.6492061011432119,0.9559700442953079,0.5766102801987046,0.9371593167484132,0.9721547708195944,0.9685872785757333,0.8979522632921926,0.967488944937989,0.9541463545618388,0.8536433682576057,0.9487714880569864,0.8762469137387887,0.968552396302419,0.9432910547061325,0.6849396755711791
web,paper,0.6419611489645628,0.9591449672356459,0.5342656851892414,0.9225367189339021,0.9683171031696869,0.9740863357311184,0.8772248960911049,0.9665891369728987,0.904995141574866,0.8311389125312365,0.9508091988427793,0.9094609752722386,0.9838407474078755,0.9569031609844272,0.7351908660386187
web,paper,0.6419611489645628,0.9591449672356459,0.5342656851892414,0.9225367189339021,0.9683171031696869,0.9740863357311184,0.8772248960911049,0.9665891369728987,0.904995141574866,0.8311389125312365,0.9508091988427793,0.9094609752722386,0.9838407474078755,0.9569031609844272,0.7351908660386187
web,paper,0.6299694153747987,0.9429574202374231,0.6040944280614304,0.9122178059521151,0.973479371560634,0.9626443503595555,0.9013413211727054,0.9717365503195238,0.9669913343113529,0.8500887156143392,0.9654708931682647,0.9343727887353066,0.9457558873398646,0.9489051394121628,0.72193688620028
web,paper,0.6812977150110873,0.9908519442977406,0.6916709030268918,0.8791851377005722,0.9651096764377244,0.974307840070635,0.9667859190903797,0.9629340123021846,0.9691212003086197,0.8947150433681793,0.9541253074918052,0.9175992088664391,0.9709547778789005,0.9716980455562829,0.7355449398701419
web,paper,0.6207275390681959,0.9940199368152177,0.6676605418338747,0.8950823029319028,0.9690929405718312,0.9685611933585275,0.9525385714309846,0.958560101190385,0.9286276935653043,0.9382352110521938,0.9625012361944113,0.8917235141184955,0.9367328250783495,0.9808117466188939,0.7726704618948425
web,paper,0.6351225799308609,0.9807824416108875,0.6633373039204655,0.9256791510337966,0.9604137905723038,0.9212921301330113,0.9649455827983803,0.9451992814753407,0.9284201868538626,0.9379054955375027,0.9516935979262686,0.901202237428632,0.9327476924128041,0.9779166588029823,0.7348969678994167
web,paper,0.6521506869163057,0.9841299023263836,0.7170088155639446,0.8989732115759543,0.9695800937400593,0.959681438785121,0.9754471858518308,0.9571073286296083,0.9645682436290512,0.9305750659316656,0.9586277997970429,0.9024212994491606,0.9652494286698454,0.9834040832283139,0.864629567640615
web,paper,0.6360218622347118,0.988456830774549,0.6663417651157614,0.8605774826563343,0.962461356087762,0.9430029373887858,0.9913800233000644,0.9641457939276055,0.9342583649383935,0.848938265811055,0.9422037654396705,0.90246160255086,0.9145798711908105,0.9572637284495091,0.913249742963088
web,paper,0.6360218622347118,0.988456830774549,0.6663417651157614,0.8605774826563343,0.962461356087762,0.9430029373887858,0.9913800233000644,0.9641457939276055,0.9342583649383935,0.848938265811055,0.9422037654396705,0.90246160255086,0.9145798711908105,0.9572637284495091,0.913249742963088
web,rock,0.32841479366485105,0.8782040132553994,0.20212262322066285,0.34514364119966895,0.1900633159754627,0.4469838515067361,0.3289117074352841,0.16242326902571838,0.4596780140088314,0.27840327678562954,0.12723794058201826,0.3758199916894111,0.3255218581746335,0.1006994194650311,0.44144200445583387
web,rock,0.6855115307528081,0.9193462556978463,0.759177654944592,0.23253914440953702,0.3256835883054652,0,0.14602580573532445,0.2983148798786213,0,0.030297137411571643,0.2824331978528886,0,0.09268416515424799,0.27219199650478343,0
web,rock,0.4944777937785021,0.7878972141508067,0,0.23376728923742449,0.06499810104404222,0.2657495625168657,0.1625348572344855,0.10972875373569971,0.01964458217153815,0.11203362895283145,0.12099695014620283,0.03024404181625624,0.36438132940446494,0.07733709007750701,0.09070598649165865
web,rock,0.46568997520194017,0.7765909233555233,0,0.24061527416671943,0.08249448795600874,0.12802507610746172,0.139104200717598,0.1164295186304663,0,0.05188514011879995,0.12381107929959069,0,0.3479529762333303,0.06785438088836698,0.004513892090349547
web,rock,0.5213895870778039,0.7888593348623362,0,0.2623460798484821,0.0797238208189154,0.2109547222237304,0.159289016714234,0.11479919383100867,0,0.10894592418045837,0.10624883377229394,0.024056835033141037,0.39802469145434044,0.06341265483735053,0.15820917651926936
web,rock,0.5247252257239239,0.7811470471541351,0,0.2419462809735357,0.08474671082712813,0.4195249570483207,0.1770416014123225,0.11764462569529047,0.1543692936019815,0.1292681413264424,0.09870408845456326,0.09449487444138503,0.3976901351217992,0.05895240020426783,0.2948116680080789
web,rock,0.5366412328721718,0.7830419735450319,0,0.1593675448718197,0.09002931485268931,0.3681691571490885,0.08621596815996505,0.12308509959703696,0.3090671369434456,0.07947516622734363,0.09467664172283265,0.1736000644038004,0.5224614615675244,0.030651127571259717,0.4686444323189048
web,rock,0.6059946612037906,0.7813014953366192,0,0.19124176137121218,0.06842402968967126,0.4616336155433581,0.17476615063742768,0.10466221360832752,0.4167384313398172,0.16068614205054546,0.08404378520189817,0.3213339862555576,0.4841049907384602,0.022068486259997508,0.5761801457912503
web,rock,0.6484557950130853,0.7751288198662571,0,0.29583603332802433,0.0484070088327476,0.42255730642953504,0.2816118984373066,0.10053876432352436,0.4236039132758831,0.2519745714720489,0.08506382434038051,0.37284075396001237,0.4958983975886933,0.03822969160550682,0.7526794057351628
web,rock,0.6029080987965849,0.8203489564022916,0,0.26780598235026876,0.025364215074769374,0.3502625290889524,0.21220269731224675,0.06168424001410916,0.27179037485842056,0.22550707682187138,0.055168440962374665,0.3167491671914457,0.5966953742160206,0.02453698674179775,0.761710934770001
web,rock,0.6709402384708116,0.7947510687156961,0,0.24747344454364925,0.004138175724546493,0.4620637666794671,0.26111078977790725,0.060253104561185336,0.4390691689971801,0.2681390422140099,0.045877490812880506,0.42865123333376615,0.5556919628905864,0.034471653882538235,0.8421145524109046
web,rock,0.5531490333366438,0.7893200797492363,0,0.11236747543988646,0.08662138029140515,0.4819644493060477,0.08263771860907668,0.11995405535795478,0.40495951487949977,0.10611378459979776,0.07335343702990557,0.251070269623788,0.4912154080408888,0,0.5993096563575936
web,rock,0.5660383454322631,0.8001415975093861,0,0.17882020334556054,0.00525112803532067,0.5324667181082217,0.15205379108771655,0.059944549247720476,0.4212295703281372,0.13549556259766532,0.053247633429856465,0.251697772588478,0.5510059706283476,0.05056095784137597,0.6400152687005749
web,rock,0.564283508801131,0.7931789863694518,0,0.2624234516204661,0,0.5423820542112358,0.20816316607352742,0.048805523465751226,0.43420344342056516,0.1861669608587905,0.05318249145836955,0.3794129557036724,0.473088717146431,0.027979274233806424,0.709431811373355
web,rock,0.6348465924100838,0.8051367285420259,0,0.21214868205257154,0.10256568753377819,0.29822676700375694,0.1867241480354678,0.12522667955090236,0.28618996867315266,0.16543994394569247,0.10776303552759121,0.2524512188017295,0.4489934799077234,0.008408885771616803,0.7209764188653677
web,rock,0.6375484636712303,0.7839672392208676,0,0.23943802169370418,0.03918919296141556,0.3669084016393712,0.1323616450643589,0.08407650052399254,0.2641692192847211,0.14497307709114018,0.0652129864538853,0.3290594033973714,0.5290077631558429,0.015455355973380805,0.8207375077785207
web,rock,0.5885124067980763,0.7894251452172869,0,0.17686565867881177,0.056077830525717146,0.4924916205311887,0.16314594959358625,0.08513296252891535,0.46024705874144106,0.17689125932832364,0.06447968087983783,0.3617125011217217,0.49302466986292937,0.007435870235256183,0.624503330838392
web,rock,0.538194739826727,0.7956930741950629,0,0.13158539779557502,0.03682182677367813,0.5102908909889982,0.08006568360964283,0.08800907942280978,0.4190430585921896,0.11624677096362131,0.06503401213783626,0.2974225515341847,0.4845950237462646,0,0.6024929915763045
web,rock,0.5507033605882337,0.8013398486150518,0,0.16546328669643043,0.0346487234945738,0.4872960649823513,0.08954416744293311,0.08857325214628817,0.40622120276536716,0.08976447531926741,0.07787453433039852,0.2291568345937948,0.5020399272075386,0,0.6318312807670058
web,rock,0.5457269736557684,0.7993773375866228,0,0.18148925911795277,0,0.5555051999838848,0.10517427535430847,0.06593958528942283,0.39840734687903223,0.12130563148218602,0.056268956067109376,0.28777342744798506,0.5338187885102802,0.0011549087693090803,0.6750707761958692
web,rock,0.5549790167132516,0.8008341303703927,0,0.23610447588026798,0,0.5550154858230134,0.21387415900889475,0.005845312529961867,0.42983878730767533,0.2672838556005525,0,0.5002280317001697,0.7212881059951809,0.07130950530618549,0.8514172801522055
web,rock,0.6054351783836878,0.8042141138273441,0,0.29594134209128053,0,0.5943950142252643,0.27689806024178304,0,0.49778279284993554,0.34813259198880103,0,0.5725170685027821,0.7550510152289049,0.08743858172754344,0.8951054066905285
web,rock,0.5814748889040391,0.8101238898479779,0,0.2824758436931802,0,0.711616005846267,0.27245139534928864,0,0.5551130141355616,0.31409858036756205,0,0.5363497390842351,0.6431603487587029,0.08176198093081401,0.7964596799208823
web,rock,0.5688258482631617,0.7894157323733781,0,0.23582932234724668,0,0.5600929926181901,0.1515657336679128,0.03921515958383873,0.40771441777709677,0.15280333187143932,0.0477154969974134,0.3235128155674054,0.5875733709459741,0.040723503688662406,0.6915296372879731
web,rock,0.5789863578119825,0.8152213421955666,0,0.24778757269691346,0,0.6270230473181201,0.2475051665757672,0,0.4790798468967028,0.31625309598261564,0,0.5362104835709047,0.737889219092986,0.06109459838400804,0.8223515174266706
web,rock,0.5917499375745626,0.810051126540841,0,0.16478842474427816,0.002631516608638199,0.5167186179242129,0.2656503070911799,0.004171539440658183,0.47821685457780366,0.3269306508128268,0,0.4970591037428759,0.6755695531021979,0.06533809225809742,0.9042065586202921
web,rock,0.5363278630666257,0.7918929896514278,0,0.18858235171153792,0,0.6280805392608897,0.1827264938733925,0.044845460180265286,0.471346659313477,0.22290194562717,0.027668933185792187,0.40808387622126396,0.592685437997625,0.023569930021266516,0.7340961223551032
web,rock,0.5933754176512893,0.8147723645157209,0,0.2353664722562102,0,0.49972049915501643,0.2135276522285823,0.037939656999027585,0.40884107549812987,0.251378795185568,0.012208515943340199,0.4205471633950572,0.6250686111412463,0.10124641304078014,0.7966166929682789
web,rock,0.5820053350818163,0.7954910506388161,0,0.24771187576917594,0,0.5829915436861198,0.20779692347215967,0.043536359834882576,0.4100867614237181,0.2203505156482773,0.0233251078968198,0.403273226514912,0.5655313779233101,0.032407319496350166,0.7790069312153588
web,rock,0.6391996915508009,0.8148363577775812,0,0.3171601099313651,0,0.4390463015136419,0.24427486844030555,0.03506667968376407,0.31866266274617716,0.2931912088963558,0.013228119714153113,0.38959666787947766,0.6759829406833171,0.1037680002340279,0.8834429274670291
web,rock,0.6109383579918032,0.8049667144593685,0,0.3617745517320711,0,0.5911138494028743,0.2648569210185385,0.021048006451048044,0.41762368319364,0.2722927640274074,0.025416345940282307,0.4258286927380709,0.6086591897719056,0.11256863312709135,0.7725804604356006
web,rock,0.6143794299375988,0.8186472643737065,0,0.28079584047123324,0,0.5490404105719241,0.2526282947991099,0,0.4571918683252021,0.3165063667658346,0,0.49436700071832324,0.7143531172900828,0.14757009495986365,0.8364424203689281
web,rock,0.6137668269707736,0.8136553782810229,0,0.31915327716870273,0,0.6261612483556677,0.25938242749415863,0.003159131728898295,0.4645722870072218,0.29399287225296694,0.009497793446108772,0.4592267707786439,0.6759276452277436,0.13585393833091594,0.7227926635102123
web,rock,0.5415184447772566,0.8611885164350563,0.06402471544266326,0.3290768391752394,0.17563683955199877,0,0.22907003280137592,0.14620023418436132,0,0.18288885078293102,0.11693683818261166,0,0.4683223866002905,0.055109418094196866,0.0038185865743590856
web,rock,0.2695205084702966,0.7100935852577666,0,0.17461117854437133,0.1691191433160896,0.6561510757874162,0.22968286121279222,0.11861570883305572,0.24349153950700983,0.3703132142957322,0.038913648116630895,0.20235559953776133,0.5261013515836697,0.11495923828775378,0
web,rock,0.482226869038645,0.7641376949444271,0,0.3134132097030817,0.13048171688519242,0.5735497369426223,0.358161648809876,0.10318121642233147,0.49001694837365484,0.39802211646929064,0.0576461286001617,0.4448187719210556,0.44157146080708914,0.10487532761592984,0.5837138578920956
web,rock,0.24342683597314071,0.8969986605636708,0.4334741118748995,0.3753501297221756,0.13397310031913462,0.6250072772042128,0.3550996794675452,0.13739559365310394,0.5422719576359437,0.2696850934110232,0.12944576130194885,0.4933986649070364,0.5939119274172125,0,0.6834566469851742
web,rock,0.48538445259756313,0.8470980332594706,0.7917497481908506,0.38253792998641745,0.08633117054279742,0.5882120111656346,0.34754139272334555,0.11079075237287113,0.46600446808703755,0.3113356843117627,0.10177961346059936,0.46465638325267095,0.6630186233855174,0,0.6758678596332233
web,rock,0.4657016373917391,0.8519766373253761,0,0.4546576815827101,0.16481797388311856,0.5770348183947394,0.44994205048838226,0.1356991980868577,0.4627240062271546,0.40727211415158515,0.06476620719842352,0.3876455780530999,0.3809903329778977,0.028206198963193284,0.4828683110142805
web,rock,0.5665850247120466,0.8937943401697419,0,0.4147328899183245,0.19228833008014923,0.555689243353709,0.34680916046106525,0.19260801298168348,0.42536732443439124,0.2421674189164184,0.14028517516530598,0.24889837057272843,0.14718414948038358,0.062157716958896304,0.3992102462638022
web,rock,0.3338808398177466,0.7685560811058316,0.15121275519366506,0.32382919599498033,0.23775484481063225,0.28558248615866677,0.16825417735220966,0.22663367858974,0.27425072777171017,0.2044027227911928,0.1740687927262548,0.06610926306002009,0.46789727522611585,0.09329037599470141,0.3138131055986155
web,scissor,0.47968834637885815,0.7303562111899122,0.1835827968285271,0.7153292707263395,0.9791537871566525,0.7088887584370253,0.5305504550261518,0.8794262194252137,0.669607109072489,0.008602196153411859,0.26090861022137135,0.11937532085432964,0.29088563357265207,0.11236496951567773,0.4183863550090432
web,scissor,0.12236200767027364,0.6897611346951391,0.5307296531523998,0.8911552350114529,0.9790262966980411,0.5026753089689925,0.7311377239341607,0.9780574522173581,0.4948794419579325,0,0.3130430965537685,0.10467953533325865,0.15083701789421664,0.2064953643229427,0.3042235970163684
web,scissor,0.3254662290787717,0.7342400743902942,0.07446944395390866,0.7704215987667848,0.9901827512866316,0.6766958167075064,0.6329514728778662,0.9905707885377587,0.6386513972916465,0.025043529093267663,0.24569530646767007,0,0.5370022348571161,0.005952431418876545,0.2788296624207667
web,scissor,0.0948289305822485,0.7094947126167681,0.6329953601728903,0.7654995689964802,0.9864089490625528,0.634766000651867,0.7280636985590007,0.9698247993443155,0.49349347246054764,0.42052552528334275,0.24671839108158855,0,0.699160704838133,0.15235809789657231,0
web,scissor,0.20260299652688027,0.7073319474588377,0.5544394244791042,0.8486785518427423,0.9911718870694919,0.5889930932449643,0.8126860615382524,0.9744413028106039,0.7219970184715556,0.3113918534159661,0.2608435026043288,0.11618850187608484,0.5844157977871016,0.16409539857742034,0.24190999263201185
web,scissor,0.15429314885697787,0.7721239322352806,0.6133617526379469,0.6408681154546204,0.9604904772771954,0.7543005639155643,0.7815510569658067,0.9615735127646718,0.48473178841966647,0.123316058342839,0.3296632123272645,0,0.3478042269678284,0.28182000510007293,0
web,scissor,0.20478661761185968,0.7686536574012655,0.5814754988342603,0.5649839629792525,0.9718155808865085,0.7644368161101285,0.7441111664353344,0.9591214463908408,0.1820641332600176,0.1837055961871917,0.28988487427513693,0,0.416808512284362,0.259541566738539,0.006847539514830439
web,scissor,0.13416801510578036,0.750221350690666,0.6866510985867186,0.6575555495803396,0.9670394284399564,0.7631527832537873,0.8174840941126427,0.9728269680831424,0.5250256798571017,0.16551010109317374,0.29393674152637844,0,0.44421253606279415,0.23816789859280676,0
web,scissor,0.12330067503010606,0.7454655610253843,0.4616590853389548,0.7955314430574756,0.9754329228230296,0.5286263780060846,0.8039223160266473,0.9736983749251724,0.6598832351393976,0.17403030894451113,0.32338051220694036,0.05154906298433578,0.48374900773078683,0.2067160971668185,0.21311734210488156
web,scissor,0.14289760707184093,0.7386515912420812,0.47514191367461883,0.800313149404482,0.9832766795978714,0.6594084125376254,0.7347385286724633,0.9790156950845864,0.6706679189453512,0.05078283681055438,0.3073079888128847,0.05434262691437004,0.438056798869158,0.14396653761588632,0.21631828175341408
web,scissor,0.22543778251570398,0.7652104873658827,0.3449969354703769,0.5049646772831249,0.9606025703521314,0.7679394770066275,0.7472932850536027,0.971719649110559,0.47240466797550246,0.1415119121750342,0.27252636763918897,0,0.4887877091187712,0.17170710890435403,0.1317510436767727
web,scissor,0.22668984722682337,0.7513974640511218,0.4081626356083815,0.6813757926435645,0.9853905067665295,0.7374004093762292,0.6803248627265557,0.9662682647097031,0.557432186173877,0.015415898489834674,0.2858530119421454,0,0.30869839702081925,0.1833078867018634,0
web,scissor,0.2876208910079207,0.7581853966141477,0.2679895333294916,0.6773791401497898,0.9801187815290265,0.6458982028024943,0.6464368002386474,0.9609162039988929,0.5781526509596597,0,0.298769405370828,0,0.2557522737469911,0.17770557838161405,0
web,rock,0.23730633817583738,0.7827365177460706,0.7565783949714016,0,0.30557888740261585,0.03261536995960048,0.20151220214254761,0.26626896434067016,0,0.3319971646748467,0.2204670960102417,0,0.5443963889934881,0.18958795069659123,0
web,paper,0.7392867285179591,0.9811933076404211,0.7563474610533384,0.8323204238981387,0.9550059611077911,0.8775455676142321,0.7547662997462276,0.9425218916991458,0.8290548276665745,0.6227781930843129,0.9219199273817233,0.8889248181726909,0.8780871709197149,0.9014708503048438,0.654552500587263
web,paper,0.7367103912802493,0.9767084047485498,0.7341920055325304,0.8314577658297081,0.9607634612913724,0.9050337916988621,0.7527983376290259,0.9402071991612029,0.8617273703539388,0.6517537999151277,0.9108615529756363,0.887180731961807,0.7482922437741142,0.8988644151307409,0.6186157621577253
web,paper,0.7200080018082283,0.9797874064280727,0.8007074919328676,0.8720857430572012,0.9626442031535433,0.9002954897698962,0.7959458048635655,0.9438507517332708,0.8574975777272811,0.6881977161123602,0.922790850191943,0.9428223653841662,0.7863043164231593,0.9213545145100579,0.7277434368830681
web,paper,0.5670138637086292,0.9340248112791599,0.8355467114527635,0.8089552436553742,0.9671549886942005,0.8763396085910944,0.878846878133051,0.9631556044673697,0.9281156467947791,0.7981575241764427,0.9715860959376877,0.8900314121784185,0.6608994387148681,0.9700612273443419,0.7532385095124311
web,scissor,0.27802549330559445,0.8188763290875974,0.5539272782019506,0.7492610671683879,0.9739710467640517,0.8913001240109624,0.9691169148260929,0.9255590553151376,0.696363048642507,0.1299741769303388,0.3603973224036102,0.42609228308984065,0,0.4359273277773885,0.4388081667876652
web,scissor,0.12292290504210694,0.7107410670927554,0.44701887833716014,0.8299381950885102,0.965324808179898,0.7971326919765404,0.7518541723927173,0.9324127861753878,0.5820146059362798,0.22041252316012136,0.27509642093321457,0.25470823891532995,0.2730328355954792,0.22609555161251155,0.44072060725608747
web,scissor,0.06855486244709176,0.7176418672740521,0.5568372863954973,0.7867326211864809,0.9518163915861144,0.7980685441120201,0.8257579595657482,0.9176594237721191,0.5979395936811852,0.12992996642904717,0.3284231988038128,0.23132535947400462,0.2538741785629443,0.29657023652988285,0.371221077939641
web,scissor,0.021856922414550065,0.7553639456542885,0.8848044547966082,0.6637023466010614,0.9622490742207598,0.8575015999905727,0.9617036210319261,0.9162134676863447,0.571990870334931,0.24740961105587916,0.3731784429884277,0.24136454967114535,0.2242619446323954,0.4556778007288148,0.13693140564980158
web,scissor,0.019992311367021856,0.7662726099770554,0.7880880822727033,0.7736687502921309,0.9482405888666361,0.8560787956931165,0.9433988164449899,0.9342076910312823,0.5274703807848515,0.13954730976498964,0.36694163783876893,0.20395148667814517,0.05705084935522734,0.4636157914216721,0.14212466318331404
web,scissor,0.43995230906278815,0.6831174164114638,0.35490689250691815,0.9425062126779048,0.9724605070373336,0.6495880803043856,0.8396291092405349,0.9659437266650032,0.6101880374829005,0,0.49843347888381,0.18061203430448544,0,0.5406169049850083,0.170943092957876
web,scissor,0.305660186257277,0.708209628405802,0.1735566935820938,0.9078957130567664,0.9764573912961929,0.6794998326840582,0.8177028125074458,0.9635446879765529,0.6187170186548164,0,0.45019835291329924,0.1588222809427572,0,0.46576192930948895,0.2699797344703928
web,scissor,0.305660186257277,0.708209628405802,0.1735566935820938,0.9078957130567664,0.9764573912961929,0.6794998326840582,0.8177028125074458,0.9635446879765529,0.6187170186548164,0,0.45019835291329924,0.1588222809427572,0,0.46576192930948895,0.2699797344703928
web,scissor,0.3319178421309355,0.7053763306482634,0,0.8636014111314674,0.9849311976096728,0.6603546149689127,0.7826481728998678,0.9720510701273659,0.5747017302081371,0,0.4242221934392328,0.0048159180207551265,0,0.48743744110066406,0.13057034030738637
web,scissor,0.31492714893389173,0.7392546038750447,0,0.8362018182829891,0.9811724467289644,0.6031689417671646,0.8008260801019939,0.9797485739809351,0.5852772580000128,0,0.4275318490658058,0,0,0.5033398344382728,0.1291968609170251
web,scissor,0.33440154062143346,0.7388357777711569,0,0.8067058492141064,0.978288891938642,0.7330183356665458,0.8428761346458116,0.9736457782734207,0.5324761613442952,0,0.4936442211962116,0,0,0.5955024147298309,0
web,scissor,0.2809768718491716,0.7835922545510611,0,0.7711090687181755,0.9724590041296898,0.7448575539633163,0.8645829998456308,0.9738075477617701,0.5731102876922111,0,0.5182822815311035,0,0,0.5914629988707836,0
web,scissor,0.35848906762683275,0.7758923563338048,0,0.7513814740190142,0.9692898573746244,0.7816493341114381,0.8350303175751679,0.979420990043534,0.5320839453952759,0,0.5327390012487796,0,0,0.5850476103127009,0
web,scissor,0.35848906762683275,0.7758923563338048,0,0.7513814740190142,0.9692898573746244,0.7816493341114381,0.8350303175751679,0.979420990043534,0.5320839453952759,0,0.5327390012487796,0,0,0.5850476103127009,0
web,paper,0.4894349017593319,0.9518949209653887,0.8510215801114328,0.8094326922667064,0.966698677431238,0.8303734268013394,0.8590667083267995,0.96713095114171,0.907321666049156,0.907630739880849,0.9768863581763269,0.8536258365406937,0.9620723772930967,0.9545804115007314,0.8497476317960492
web,paper,0.5161161552468607,0.9601260560820476,0.7698104844472964,0.8508471928190988,0.9636257758259336,0.8883528711667754,0.9145285534384747,0.9597631697887946,0.9911933934106372,0.9681999992163897,0.9519920327434,0.9308869228505886,0.9367290956163262,0.9650889846137569,0.9295904249974232
web,paper,0.5951789863287893,0.9617272540809519,0.7608828148612028,0.8639292908981774,0.9584547193081427,0.9022744690779757,0.9499077954239507,0.9524674650986782,0.9590365615590841,0.8873287194366145,0.9476991093025939,0.886376065958882,0.9124663636875007,0.9592821124524876,0.8523495864730048
web,paper,0.6296732644495933,0.9774002914459353,0.7448417648545395,0.8948116834108643,0.9611217620648991,0.9446242804908943,0.9714153917439617,0.953153258877877,0.9597679459018796,0.8856132464823115,0.9356449730537212,0.8940141301729965,0.9475529995854783,0.9449393307355658,0.7690843346111345
web,paper,0.6911102606077879,0.9823630970839861,0.6893026514308981,0.9010058636975482,0.9630020858567573,0.9477704038425941,0.9485245541318448,0.9463013612445682,0.9274868868749883,0.8506871558360954,0.9077032326305292,0.8617678790528259,0.9555314645827322,0.9348061353215833,0.6829207754257307
web,paper,0.7245653503741162,0.9662568208581472,0.6623792690689392,0.919544521181435,0.9668225269822199,0.9340348458400124,0.9611849425033885,0.9496371269268781,0.9097935445955128,0.834964916033143,0.9117541728360219,0.8251985863660888,0.9556846747567408,0.9318788137819978,0.617982947818219
web,paper,0.7234960099751546,0.972674894098314,0.6802933573556443,0.9378681882607113,0.9647049932084886,0.9340175091529997,0.9745827840424137,0.9510844557193988,0.916999701208148,0.8555019346890718,0.9172906419071212,0.8416418567210976,0.9518438369374936,0.9286885952180786,0.6449176174456897
web,paper,0.6821161728046122,0.9870502703001133,0.704068428455009,0.8806527374167239,0.9624079750901545,0.9520329794423714,0.9823204216253035,0.9565193844790914,0.9168070443101839,0.9435983558528239,0.93241481561241,0.9008389018586871,0.8556880491559775,0.9533853728510799,0.7831364969844054
web,paper,0.6617697827090299,0.9763490276744169,0.742622368403456,0.8575192001951589,0.9578670191270859,0.8975182441079975,0.9504494452965104,0.9548873365732878,0.8759084123480317,0.9425058250998181,0.9350180365797215,0.9638153091515919,0.7361441937454466,0.9513548679343354,0.8444404474063489
web,paper,0.5631445181968016,0.9749611953396805,0.7203506931363385,0.8870151304776291,0.9593458220647019,0.9091784190451463,0.8915935631093007,0.9636390966597304,0.7922704155892499,0.9266547779910003,0.9315750984336375,0.9894194968767929,0.7307651466701492,0.948544723245405,0.8093529807013855
web,paper,0.5040770946908035,0.9841518525797374,0.7971846190347154,0.8594041873709405,0.9458590939558553,0.916299102733602,0.7481635973585745,0.9548109435913983,0.8371357756616761,0.9734028684911008,0.9379439193521754,0.8873621824801575,0.9599070105278527,0.9189698415388966,0.4781675490254648
web,scissor,0.26641297342757114,0.7760800430312128,0,0.8428242735424433,0.9834843251188525,0.8195189905476749,0.8737668646952387,0.9577305182496847,0.6406123808984824,0.6146363789740971,0.25302417975450714,0.0786689332637105,0,0.5719919898295236,0.005915767291965869
web,scissor,0.29262708444001195,0.7531864659528172,0,0.8255234323144773,0.9843241004172543,0.884252728288598,0.7988679763294763,0.9821834550582101,0.7064808566920244,0.6994512378081005,0.22505385029547528,0,0.18025145065192322,0.41351013285562893,0
web,scissor,0.18597683904568477,0.6808512508986071,0,0.9143908672576415,0.9485769976896689,0.49206822758904906,0.8682867335471537,0.9641084659788883,0.6871916055271113,0.5059331746625717,0.29695111171724775,0.2791545608227428,0.5993442716847803,0.16309265960410124,0.4531133605473919
web,scissor,0.25507289478661077,0.6931120051481703,0.058396990418596716,0.7823649535509701,0.9683161631444033,0.7346318281975737,0.7962285611188991,0.9497900032439168,0.7713348482668991,0.3434929691300322,0.24277276430993902,0.3092256836930906,0.5582461966400047,0.07760540442848142,0.5771416059117996
web,scissor,0.23195061492910743,0.6694733817302938,0.4305183074503652,0.7907324956161178,0.993244222840309,0.7136745031326163,0.643034131676524,0.9779612149958898,0.714451256514538,0.07040835701998954,0.2640659070429495,0.20856090544374387,0.42654476730689367,0.09398803703548372,0.4198683088733127
web,scissor,0.23195061492910743,0.6694733817302938,0.4305183074503652,0.7907324956161178,0.993244222840309,0.7136745031326163,0.643034131676524,0.9779612149958898,0.714451256514538,0.07040835701998954,0.2640659070429495,0.20856090544374387,0.42654476730689367,0.09398803703548372,0.4198683088733127
web,scissor,0.2716822073943956,0.7225220782313968,0.9016746350828673,0.5403770428277931,0.9765964659762821,0.8056912457191698,0.6557502871116684,0.9228878135807175,0.3081535863218482,0.4101013708925145,0.18641685512110676,0.31128671303637395,0.5506947627697757,0.13157934106045446,0.5773384929284426
web,scissor,0.252082203842724,0.6952633443383607,0.2140666130007866,0.7860758812799342,0.9829012374285073,0.6427866406892341,0.7611965974951547,0.9814343677047519,0.7557162506458747,0.22571063977041525,0.2578709772173008,0.20520787790273257,0.4173435591910865,0.1321749291859568,0.4876016699025638
web,scissor,0.22461583097355334,0.635617451553007,0.48346921919021335,0.8532682132243921,0.9804423947845938,0.5730272829077236,0.8630870944098935,0.9649861729559457,0.7143425437687971,0.2703463081216496,0.31352291864205933,0.2530183357715292,0.6033536661884498,0.1508649479103576,0.5428603068409201
web,scissor,0.41083764639464426,0.6517175085337558,0.09992083616921082,0.7345628957019871,0.9776113647463659,0.7545090509812495,0.738425277477728,0.9510461034653611,0.7770989479229553,0.13775281506445036,0.2555470046459749,0.17940542921208344,0.439484586066272,0.07386724453550357,0.4155646850473662
web,scissor,0.3334163207046839,0.6697399351261542,0.12696390851162465,0.7712855282858129,0.9862556236203947,0.7741178747942836,0.7385315010132043,0.9570013488632461,0.7915379117057401,0.20662536997534744,0.24165531070834315,0.18676662171228015,0.4741913077363666,0.08893291653203307,0.4508053868964556
web,scissor,0.3563588056447529,0.7055061865630866,0.17928379590212767,0.7427078583598063,0.9796532432373222,0.76635527805837,0.711958052258686,0.9584245034429878,0.7779668866172021,0.19236098545973343,0.23970588829301726,0.12653912092320094,0.457336485483658,0.08050685851513185,0.44341492378473324
web,scissor,0.2960606082567382,0.664701105416625,0.3728885277050357,0.7417517008220946,0.9866865400376094,0.6047459008745203,0.8349580485338638,0.9617002127946689,0.7069571464428281,0.3865926393921197,0.26544520902035074,0.2300628347060079,0.5833622501139836,0.16684461025792668,0.5291612811852068
web,scissor,0.2618829940672415,0.6696512789770239,0.4984189768543935,0.834000809153748,0.9694767567218101,0.4739273488157826,0.8480392390531677,0.956650511459488,0.7235034877074499,0.40041360207005083,0.2789374960542879,0.18323201645051462,0.6874646304817486,0.11876985207829462,0.5514348303834941
web,scissor,0.18380453964178406,0.6774687611549975,0.7183311287205874,0.8185553738812735,0.9763665072864104,0.6361531762818575,0.7822444990764893,0.983803426780351,0.7198798918815614,0.41945908379644703,0.2567492436350467,0.13958246736519214,0.8314789887082098,0.08706886946952509,0.4487562031310966
web,scissor,0.14320562558160266,0.6691631997954122,0.4881885725742309,0.8587920531671517,0.9905932929756327,0.6561326295920444,0.7779117497944985,0.9688928184974144,0.7438436509781611,0.2970356954462918,0.2619231037133868,0.3156017705803334,0.6531086127336563,0.08171831485615356,0.5804969396352113
web,scissor,0.20667473752263077,0.6521969053723236,0.5352790998523977,0.8550295671168375,0.9659476811688672,0.5871524794443221,0.828411903683893,0.9661081033689953,0.7124932797942596,0.3919698160489111,0.26528631746851067,0.3300598258538748,0.6836656768399486,0.10410675489670937,0.6412285975797303
web,scissor,0.20265353499802427,0.677525506435495,0.37493964296355803,0.7872239967813084,0.9850690606078758,0.5475692750120801,0.8310239338174347,0.9648712887328708,0.7130704430801871,0.22295442912709057,0.3042826361876505,0.238787930736809,0.5754609215526688,0.13559492188342548,0.5145460514386153
web,scissor,0.1187394426361376,0.6747145995583447,0.5990698255388098,0.47936179924104094,0.965967462415995,0.7555341944071912,0.8928527663740571,0.9611927844795368,0.5877282075090444,0.22160362329215097,0.33915134062709545,0.19224239234746687,0.16493327154033938,0.35926005623465074,0.3527737789688582
web,scissor,0.153410516800254,0.6712199549284198,0.4587267089645402,0.859168476656318,0.9667218926102055,0.6085392813517435,0.898533423735039,0.9668989763920034,0.7173932853205305,0.2393277654693899,0.3240549861620755,0.2985035593028686,0.3809910943353526,0.21708628093230328,0.5252312483327559
web,scissor,0.15340444145647375,0.6933559122480293,0.4073234225846908,0.7914999646018861,0.9801884966490386,0.578349968251636,0.8155348276207558,0.9622809208610377,0.6878609519822677,0.1867651415334104,0.29628830214079815,0.23811532852721798,0.4425256166360496,0.17447539474428023,0.43959833779191565
web,scissor,0.14904273322416997,0.7133296949756909,0.24443491959639116,0.7917103429909693,0.9759219812340734,0.6483460618168144,0.8046700020212532,0.9675088606066574,0.7423507393171671,0.2565367691235955,0.2632380983150736,0.29655382440919964,0.5106476438385416,0.12313637730492114,0.5535360921242648
web,scissor,0.24002266198179892,0.6942142584021727,0.22647891532019843,0.8230948763103009,0.9886073328882475,0.7213568223171772,0.7486400658603953,0.9669773121015607,0.7436403904989551,0.12137805292634181,0.2965357409943504,0.23838261281078213,0.4272626088145808,0.1330203607429157,0.47954865714892003
web,scissor,0.22940708217168906,0.6999189183359956,0.2998884542278468,0.8147676444589336,0.9938523224607533,0.7057112185943624,0.744935055965379,0.9710250593369263,0.7368066714611524,0.09371163274262845,0.3115183080593086,0.2512833470309976,0.41547773436503765,0.14159552384836638,0.511518681289979
web,scissor,0.17822099430868804,0.692130129104843,0.45964908869314663,0.8128590538821964,0.9775679161057534,0.6331480816892303,0.7914001392888469,0.9720202983856232,0.7244980966036121,0.09045396148158853,0.3348445314551201,0.22471689741712295,0.38622631942889063,0.18316916446447495,0.4721366079743775
web,scissor,0.18610716465085672,0.6589567525636791,0.5209513429442469,0.4720571466334537,0.9799470942783403,0.7723074704503291,0.9292222980682484,0.9717733663016856,0.5901713272719151,0.3006712227573173,0.294431680844013,0.21520314696484721,0.4255203031559244,0.25197446796974493,0.39103524275946977
web,scissor,0.23034453987761955,0.7027713062866411,0.34545251119420983,0.8146521082684784,0.9838907455274735,0.6978579057378458,0.7358101881016175,0.9636955723637123,0.7355142420983726,0.1068810039285686,0.30175959306555145,0.21920269478025017,0.38449805987821684,0.1476514244718765,0.43310044681619797
web,scissor,0.1648308488380161,0.6707321186809737,0.5067244527625316,0.7864997214412086,0.9847402921001781,0.5710976175293858,0.8680398360660765,0.9802967054426571,0.6294139227677957,0.20702174900782286,0.31063095599320584,0.1919281930491124,0.42799056989592416,0.21429461158025764,0.3634960746899848
web,scissor,0.16529960916945804,0.7045007507161148,0.39527337666396334,0.7859413765664344,0.9872604577571438,0.5990430966463061,0.7649009829413566,0.9578292976925035,0.6773265292260947,0.047942545058103456,0.3343364013988403,0.14046173732947484,0.3594013198066801,0.1805063612917302,0.37020557936869924
web,scissor,0.18565568272644903,0.71827182413007,0.3238675784244261,0.8186490388486354,0.9879191121512836,0.7224827574328264,0.7299162352756652,0.9611938400014567,0.7314273071547753,0.11356499129828278,0.2977183830612407,0.16360109754534968,0.3637521216845208,0.15968704793459887,0.3002883755806091
web,scissor,0.18041345823153063,0.7390269526124694,0.2766053520784685,0.808707385808355,0.9841126981296074,0.7100509230054245,0.7347817596233991,0.9601680338804116,0.7400294197943292,0.1717102043935164,0.2731512800502581,0.16532845988876957,0.41134209029903335,0.1373950217634335,0.3452521242131644
web,scissor,0.14961976275991176,0.7190477568435598,0.41428667841990624,0.8202628343631678,0.9823124611388466,0.6874712307861568,0.7894982256026143,0.9668665583877808,0.7351048675670794,0.2564516086444051,0.2801930374829893,0.25639872114325496,0.4871507559743423,0.15622209513666435,0.4545384776090186
web,scissor,0.12873900608018637,0.7039607381214679,0.44547720561286047,0.8260678075126356,0.9638528301506666,0.5576870768027041,0.871799876088485,0.9717553407873999,0.6267796036160251,0.16876256912632723,0.3315612878499325,0.19635107807643967,0.3494068839517792,0.2501359496552404,0.36109216953106404
web,scissor,0.20335981486363439,0.6994943738756499,0.29555867905910715,0.48023920680289317,0.9811490374412772,0.7379339066074239,0.8268626169678307,0.9680924167455206,0.5341050307840352,0.41828883038700854,0.2262296553676489,0.31864925513914755,0.42284375066231744,0.2435591159656386,0.3893768696936994
web,scissor,0.22716650759339638,0.7153830973084718,0.38226498924927305,0.6634135231909198,0.9797288606409628,0.7031372707021721,0.8918354282709123,0.9626436696539707,0.650752919951805,0.37212395106821494,0.26804719033978247,0.23505693105945175,0.459822297325717,0.24167795871242134,0.3730049251186742
web,scissor,0.15022212981458674,0.6910111283563721,0.2721698038138229,0.5860495586042742,0.9682995739429181,0.7482760633441052,0.8119710895708633,0.9570914220683829,0.5972415145662101,0.23991318630841613,0.2896105831967676,0.17022420555201778,0.3337290237101103,0.26555383368210134,0.29182875503258043
web,scissor,0.028948210380794308,0.7210756750114935,0.38466067596583753,0.7638953945939005,0.9815182445789967,0.5802466472849654,0.8551546975153179,0.9697769021356298,0.7446256203194431,0.26641637905310955,0.29900274396760895,0.24742937839382875,0.40768791579726255,0.22080008203948498,0.3871675334996105
web,scissor,0.0915870227825876,0.7270043147728213,0.3099444401490723,0.807281790759494,0.9716437162116143,0.6467409382049204,0.8259176659294568,0.9677319622437484,0.7541264335178179,0.2691621788124863,0.28426622722963263,0.2195489244243883,0.47850715638181845,0.1783754858244641,0.3674721135887088
web,scissor,0.11786340341926749,0.7195644114359704,0.2686057843884362,0.7923838490713802,0.9689806685778029,0.6760946468653299,0.8072460695757103,0.9687583228532465,0.7510714477086566,0.26875476277368593,0.2766246174896579,0.19219643328273697,0.5055968529054027,0.15274165715319088,0.36168982239657793
web,scissor,0.17039535310689408,0.7325161854284459,0.2831471677354788,0.7971556873711632,0.9772288706540619,0.7284793186076389,0.7830982650986987,0.9662597182857651,0.7445691043264394,0.15720163613810112,0.2849651337736325,0.2325354517829386,0.4238114638605868,0.14438211943030152,0.4663720567067463
web,scissor,0.11161305776922227,0.6883655840037124,0.45143368762128006,0.8415555314645093,0.9542680477586264,0.5950785453866685,0.8695631981748092,0.9722800258495002,0.7066929291705502,0.27129894604521027,0.2883357634472212,0.2938866735224152,0.43357462012292275,0.19447117069369174,0.46497774668402786
web,scissor,0.10270763119754027,0.7121085278187693,0.4531334220551549,0.8096185661549257,0.9704183797453033,0.6328586440053555,0.8356458602901062,0.9663740274503645,0.6558895488247188,0.15595231996494277,0.3110500781846296,0.1804798286022256,0.35570885143820513,0.22050956920718828,0.38155560816908707
web,scissor,0.1453633938660721,0.7070058185861021,0.40091426191691903,0.8514819910994222,0.9742592379313775,0.6769807184050134,0.822391190791927,0.9707346063920389,0.7006771539283656,0.23048172481026313,0.2837060449350516,0.29188331058707473,0.467117940340016,0.16985601894503188,0.5334283946177795
web,scissor,0.1972970155124338,0.7224067968714264,0.3168733850617524,0.7828707949779631,0.977663319512147,0.6814994845456359,0.7400757441488379,0.9624541431193218,0.6971455577614387,0.1393331758901842,0.2798570527152139,0.23312180338572022,0.40919374248002643,0.15542433263928285,0.4609514560822586
web,scissor,0.12405668271709723,0.7277580283824459,0.5373248615440896,0.8163077340091525,0.9835595112299509,0.6212512218550287,0.7861497007697655,0.961224903460261,0.6807759524029361,0.17732492721826323,0.29181627393108794,0.2128078679852076,0.4217799358671283,0.1928282063804463,0.4224672269657685
web,scissor,0.1229843852251121,0.7172110919767434,0.4415714073418024,0.779501229857774,0.9797202030845876,0.6379057495289902,0.747915432254623,0.96192603298142,0.6808303249003833,0.14949177481786288,0.2749315323933158,0.2208539125863906,0.3681240542551734,0.17982436974530538,0.4119536774234713
web,scissor,0.15340921893850334,0.7038982162528299,0.5187945973669398,0.8189772992416967,0.9842674377171652,0.6663794705931622,0.7713326342358786,0.9604235507260542,0.6947490817406172,0.156572504982306,0.2923761141895058,0.17074166289652443,0.41177028280463224,0.1782994154090944,0.30840710430292245
web,scissor,0.18796015992117418,0.6802081357932611,0.4439921098402536,0.7735666877699156,0.9815262141193759,0.6553647862106234,0.7310922842128539,0.9623858621746944,0.6856733666991603,0.08646523156135992,0.2972241510343534,0.13863619309827666,0.3806990252750126,0.17083536055013637,0.27169509797119784
web,scissor,0.11139365371863817,0.7116196802506304,0.43268149443854803,0.7714292502425733,0.9788468151960801,0.6187036521232181,0.7802627606321766,0.9667933798747672,0.6781840060165867,0.19213829046306966,0.2903822068383118,0.14827483060498214,0.4371993699264505,0.18460928661386353,0.2547787093090074
web,scissor,0.16803596078844196,0.6891340761957886,0.25511158416239754,0.7802502321652387,0.9842502058426945,0.6655623831870385,0.7530547113924927,0.9632772295010332,0.6964620382274036,0.11782033068855537,0.29646017526049234,0.14885318528359048,0.42660869524663014,0.16171363472778635,0.3148404944366383
web,scissor,0.1299296878185675,0.6992981165357727,0.3793004296281794,0.8029632134567719,0.9910538133405093,0.6675635174618355,0.7586020956542195,0.9672750033279585,0.667237177322932,0.11364208823714901,0.30820525363461504,0.14982127967396297,0.4271445922971036,0.17362737589782168,0.3533592425162695
web,scissor,0.22840370642800492,0.6947688209677403,0.2720956424856172,0.7447247895932689,0.9956891000648851,0.6037108095458353,0.7684069357770255,0.9655486142521961,0.6141834814694817,0.1473563413965582,0.3094322782574799,0.16169031691529748,0.41929756160752446,0.19936562949409103,0.38271777744990265
web,scissor,0.3052344379770061,0.6734944164228299,0.27606690382442334,0.783868872921929,0.9792808904599904,0.5335735090741706,0.8887352974550646,0.9640196721057489,0.6523549540026778,0.2789636759517159,0.3256189892892978,0.15843951541882917,0.4770109010606467,0.24555363138502784,0.34175075593750187
web,scissor,0.312035420996979,0.6950672535311095,0.232514268148216,0.6987281018838939,0.9739499698419071,0.6734736303883302,0.821888634242023,0.9662057222620161,0.597782206516715,0.19976417265644916,0.3222707400207448,0.1248495539474186,0.4040786172804739,0.2653601502512114,0.2561418032903288
web,scissor,0.2886298815412414,0.6790639650139785,0.25820919804679426,0.7522828732593457,0.9903248469209274,0.5916789425054388,0.7853116323124079,0.9687971954027036,0.6232778334361039,0.18722903588631634,0.30184011873913896,0.19336925381455297,0.45949515523995615,0.19607241524338426,0.3982793954826121
web,scissor,0.18723177531500054,0.6897233177130266,0.3189437613180956,0.772422292422375,0.983505133689687,0.63988770165775,0.7272050959147283,0.9668362985114369,0.6641820661086254,0.0875228876260982,0.29821444920740436,0.17990607803474487,0.3949054595391913,0.17950862578606358,0.3210009407752379
web,scissor,0.12295786062891191,0.7477656583515098,0.29213701483266435,0.7574151221551612,0.974031367982591,0.6706075389423555,0.6973957195859122,0.9703316856208453,0.6785373678020525,0.12079213083309087,0.2694995993082405,0.18076335582438674,0.33973926139630084,0.1778928828071952,0.34922263006135884
web,scissor,0.09404976207799759,0.7436498921261502,0.4465022094104707,0.7418672333635762,0.9698271052833934,0.6206031665416961,0.7059048875932846,0.967043518939371,0.6839491390146616,0.13189054463410393,0.2717550639424287,0.1157751928642852,0.334441995576595,0.183380106500438,0.2040604399193325
web,scissor,0.22842289668654614,0.6893318608546389,0.40973676877919557,0.7393944697279651,0.9774787202553442,0.6817193686766474,0.8291230830040646,0.9634291774747279,0.6260780724163634,0.20096231604945752,0.30669816451279946,0.2023149534350029,0.40533616325931837,0.23433543975880242,0.3530692251243597
web,scissor,0.25178562272444754,0.68821808687802,0.48721836297748405,0.801760130211162,0.9822809013375263,0.5756811254048978,0.8498162225619788,0.9662254051307213,0.6529183388327825,0.23235469345257856,0.3034913191925667,0.21566303970814765,0.443054044560321,0.22149955444437697,0.36110950498722744
web,scissor,0.16896282386351127,0.6933875625754836,0.46081600609951545,0.8031127609895437,0.976155279762991,0.5543174156175098,0.8162097289624565,0.9720784372075929,0.6759873000818649,0.18429959043137134,0.3058586427550346,0.19995857831218675,0.45773417472130623,0.19645900528276283,0.3744795039179683
web,scissor,0.17025183440144268,0.7221923819012079,0.3001052058842572,0.714082853354135,0.9791842977560425,0.7412729138026249,0.7695900091913662,0.9748648664299394,0.6341281247457163,0.17862984830338413,0.2805953196382092,0.1261168924581921,0.346793433338382,0.23702061044357592,0.22646829463873513
web,scissor,0.23894551915840262,0.700173767533662,0.2727736597077089,0.7531119200357363,0.9676487384246117,0.45147083532216953,0.8302075060063666,0.9576485124710883,0.6628495552980083,0.27966316151201165,0.29496347866533046,0.14130261321806667,0.460895270858155,0.21819327985474032,0.17430234288223417
web,scissor,0.2198610891609684,0.6479680022437279,0.27264792881850536,0.8010013109613622,0.9679311109767651,0.5644064281605607,0.8822903719394433,0.970286034711324,0.6969783568078631,0.347963808460715,0.24869437567158598,0.22791324749148908,0.6164118606876345,0.137195458238885,0.36589231162536523
web,rock,0.38715565553381515,0.8249428998577524,0.033672297313480086,0.2025237544615403,0.22256911688154551,0.45694763237857194,0.1915901553425655,0.2134786202679239,0.33386703590147276,0,0.22291156339832027,0.12434134415873065,0.18594542397317612,0.08012706834316026,0.41661724007214257
web,rock,0.08827088229712633,0.8084902979797624,0.072305322310181,0.5672283456500697,0.25740748281685666,0.15102227440651214,0.4983453628408742,0.2093370824432726,0,0.48133962806139713,0.13140800377850337,0,0.6399710565163143,0.011901189553153701,0.18967688398639582
web,rock,0.1996070629025875,0.9012030569012363,0.058353025194718834,0.506025669009109,0.18913064396995427,0.07132817658462427,0.38429899629160647,0.17448284628756552,0,0.28786465781401027,0.13427234022819176,0,0.42612929650357817,0.10444859481126867,0.059937956384628545
web,rock,0.20988129116671098,0.8019414211620164,0,0.3657431953133969,0.3267492399444687,0.3134623083363199,0.1714404798516905,0.2784095991995025,0,0,0.29289759442090707,0,0,0.24742222045396953,0
web,rock,0.18163932225635318,0.8895680397782115,0.42601285331209077,0.5177062944686147,0.25879541738070855,0.2572493831647146,0.4618976118285651,0.20722165314607538,0,0.28447719770640945,0.1820434859237275,0,0.09147629954863794,0.22677872182558387,0
